Department of Agriculture,Agriculture,Department,http://www.agriculture.gov.au/,Yes,Yes,"http://www.agriculture.gov.au/_layouts/15/srchrss.aspx?k=owstaxIdAgriculturex0020Taxonomy:5941dc9d-a004-478b-b843-f9d33145bc9f 
http://www.agriculture.gov.au/_layouts/15/srchrss.aspx?k=owstaxIdMediaReleaseTaxonomy:7f5dcc5c-639a-4cd4-ba4f-ae03096d8554 
http://www.agriculture.gov.au/_layouts/15/srchrss.aspx?k=owstaxIdAgriculturex0020Taxonomy:c142a899-75c2-461a-886c-7ff49db89ddd 
http://www.agriculture.gov.au/_layouts/15/srchrss.aspx?k=owstaxIdAgriculturex0020Taxonomy:03d17c14-f8e5-4b48-b31f-5f60e0d2c4b1 
http://www.agriculture.gov.au/_layouts/15/srchrss.aspx?k=owstaxIdAgriculturex0020Taxonomy:5e2efaf7-9de0-44ff-80f0-bf44deb98b94",http://www.agriculture.gov.au/about/media-centre/media-releases,
Australian Fisheries Management Authority,Agriculture,Agency,https://www.afma.gov.au/,Yes,Yes,https://feeds.feedburner.com/AustralianFisheriesManagementAuthority,https://www.afma.gov.au/news-and-media,N/A
Australian Pesticides and Veterinary Medicines Authority,Agriculture,Agency,https://apvma.gov.au/,Yes,No,N/A,https://apvma.gov.au/news-and-publications/media-releases,N/A
Cotton Research and Development Corporation,Agriculture,Agency,http://crdc.com.au/,N/A,No,N/A,N/A,No specific mention of media releases
Fisheries Research and Development Corporation,Agriculture,Agency,https://www.frdc.com.au/,Yes,No,N/A,https://www.frdc.com.au/media-publications/news-and-media-releases,N/A
Grains Research and Development Corporation,Agriculture,Agency,https://grdc.com.au/,Yes,No,N/A,https://grdc.com.au/news-and-media/news-and-media-releases,N/A
Murray-Darling Basin Authority,Agriculture,Agency,https://www.mdba.gov.au/,Yes,No,N/A,"https://www.mdba.gov.au/media?field_media_type_value_1=mediarelease&field_media_release_topic_tid=All&date_filter%5Bvalue%5D%5Byear%5D=
https://www.mdba.gov.au/media?field_media_type_value_1=media_statements&field_media_release_topic_tid=All&date_filter%5Bvalue%5D%5Byear%5D=",N/A
Regional Investment Corporation,Agriculture,Agency,https://www.ric.gov.au/,Yes,No,N/A,https://www.ric.gov.au/about/news,N/A
Rural Industries Research and Development Corporation (trading as AgriFutures Australia),Agriculture,Agency,https://www.agrifutures.com.au/,Yes,No,N/A,N/A,No specific mention of media releases
Wine Australia,Agriculture,Agency,https://www.wineaustralia.com/,Yes,Yes,https://www.wineaustralia.com/special-pages/rss/stories,https://www.wineaustralia.com/news/media-releases,N/A
Senator the Hon Bridget McKenzie,Agriculture,Minister for Agriculture,https://www.aph.gov.au/Senators_and_Members/Parliamentarian?MPID=207825,Yes,No,N/A,"https://minister.agriculture.gov.au/McKenzie/media-releases
https://minister.agriculture.gov.au/McKenzie/speeches-and-transcripts
",N/A
Attorney General's Department,Attorney General's,Department,https://www.ag.gov.au/Pages/default.aspx,No,No,N/A,https://www.ag.gov.au/Publications/Pages/default.aspx,No specific mention of media releases
Administrative Appeals Tribunal,Attorney General's,Agency,https://www.aat.gov.au/,No,No,N/A,https://www.aat.gov.au/news,Says news  no specific mention of media releases
Asbestos Safety and Eradication Agency,Attorney General's,Agency,https://www.asbestossafety.gov.au/,No,No,N/A,https://www.asbestossafety.gov.au/news,Says news  no specific mention of media releases
Australian Building and Construction Commission,Attorney General's,Agency,https://www.abcc.gov.au,Yes,No,N/A,https://www.abcc.gov.au/news-and-media?field_category=43,N/A
Australian Commission for Law Enforcement Integrity,Attorney General's,Agency,https://www.aclei.gov.au,Yes,Yes,https://www.aclei.gov.au/rss.xml,https://www.aclei.gov.au/media,Not all stories have URLs  some are doc downloads
Australian Financial Security Authority,Attorney General's,Agency,https://www.afsa.gov.au/,Yes,No,N/A,"https://www.afsa.gov.au/about-us/newsroom/speeches 
https://www.afsa.gov.au/about-us/newsroom/news",Media releases are mentioned in the titles of some news stories
Australian Human Rights Commission,Attorney General's,Agency,https://www.humanrights.gov.au/,No,Yes,https://www.humanrights.gov.au/sites/default/files/content/rss/media.xml,"https://www.humanrights.gov.au/about/news?field_cmn_area_of_work_target_id=All&type=n_mr&field_news_author_value=All&sort_by=field_news_date_value&sort_order=DESC&year=all&keys= 
https://www.humanrights.gov.au/about/news?field_cmn_area_of_work_target_id=All&type=n_sp&field_news_author_value=All&sort_by=field_news_date_value&sort_order=DESC&year=all&keys=",Old RSS feeds  cant find up to date feed
Australian Law Reform Commission,Attorney General's,Agency,https://www.alrc.gov.au/,Yes,No,N/A,https://www.alrc.gov.au/news-media/media-release/,N/A
Coal Mining Industry (Long Service Leave Funding) Corporation,Attorney General's,Agency,https://www.coallsl.com.au/,No,No,N/A,https://www.coallsl.com.au/news/,Says news  no specific mention of media releases
Comcare,Attorney General's,Agency,https://www.comcare.gov.au/,Yes,Yes,https://www.comcare.gov.au/news__and__media/rss_feeds/rss_news2,https://www.comcare.gov.au/news__and__media/media_centre,Says news  no specific mention of media releases
Fair Work Commission,Attorney General's,Agency,https://www.fwc.gov.au/,Yes,No,N/A,"https://www.fwc.gov.au/news-media/media-releases 
https://www.fwc.gov.au/news-media/speeches",N/A
Fair Work Ombudsman and Registered Organisations Commission Entity,Attorney General's,Agency,https://www.roc.gov.au/,Yes,No,N/A,https://www.roc.gov.au/about-us/news-and-media/media-releases/media-releases,N/A
Federal Court of Australia,Attorney General's,Agency,https://www.fedcourt.gov.au/,Yes,Yes,http://www.fedcourt.gov.au/rss/news-and-events-rss,N/A,Says news  no specific mention of media releases
National Archives of Australia,Attorney General's,Agency,http://www.naa.gov.au/,Yes,Yes,http://www.naa.gov.au/whatsnew.xml,http://www.naa.gov.au/about-us/media/media-releases/index.aspx,Says news  no specific mention of media releases
Office of Parliamentary Counsel,Attorney General's,Agency,https://www.opc.gov.au/,No,No,N/A,N/A,No news anywhere on their site
Office of the Australian Information Commissioner,Attorney General's,Agency,https://www.oaic.gov.au/,Yes,Yes,https://www.oaic.gov.au/updates/news-and-media/rss,https://www.oaic.gov.au/updates/news-and-media/?start=0&tags=6,N/A
Office of the Commonwealth Ombudsman,Attorney General's,Agency,https://www.ombudsman.gov.au/,Yes,No,N/A,https://www.ombudsman.gov.au/media-releases,N/A
Office of the Director of Public Prosecutions,Attorney General's,Agency,https://www.cdpp.gov.au/,Yes,Yes,https://www.cdpp.gov.au/news/rss.xml,https://www.cdpp.gov.au/news,N/A
Office of the Inspector-General of Intelligence and Security,Attorney General's,Agency,https://www.igis.gov.au/,No,No,N/A,https://www.igis.gov.au/about/news,Nothing new since 2015  says news  no specific mention of media releases
Safe Work Australia,Attorney General's,Agency,https://www.safeworkaustralia.gov.au/,Yes,Yes,https://www.safeworkaustralia.gov.au/rss/news,https://www.safeworkaustralia.gov.au/media-centre/media-releases,N/A
Seafarers Safety  Rehabilitation and Compensation Authority,Attorney General's,Agency,https://www.seacare.gov.au/,No,No,N/A,https://www.seacare.gov.au/news/news_listing,Says news  no specific mention of media releases
Department of Communications and the Arts,Communications and the Arts,Department,https://www.communications.gov.au/,Yes,Yes,https://www.communications.gov.au/news/feed,https://www.communications.gov.au/departmental-news,Says news  no specific mention of media releases
Australia Business Arts Foundation (Creative Partnerships Australia),Communications and the Arts,Agency,https://www.creativepartnershipsaustralia.org.au/,No,No,N/A,https://www.creativepartnershipsaustralia.org.au/news-blog/,Says news  no specific mention of media releases
Australia Council,Communications and the Arts,Agency,https://www.australiacouncil.gov.au/index.php,Yes,No,N/A,https://www.australiacouncil.gov.au/news/media-centre/media-releases/,N/A
Australian Broadcasting Corporation,Communications and the Arts,Agency,https://www.abc.net.au/,Yes,No,N/A,"https://about.abc.net.au/speeches/ 
https://about.abc.net.au/statements/ 
https://about.abc.net.au/press-releases/",N/A
Australian Communications and Media Authority,Communications and the Arts,Agency,https://www.acma.gov.au/,Yes,Yes,"https://acma.gov.au//theACMA/Newsroom/Newsroom/Media%20releases/rss 
https://acma.gov.au/theACMA/Newsroom/Newsroom/Speeches/rss",https://www.acma.gov.au/theACMA/2019-media-releases,Will have to be updated yearly for css selectors
Australian Film  Television and Radio School,Communications and the Arts,Agency,https://www.aftrs.edu.au/,No,No,N/A,https://www.aftrs.edu.au/news-and-events/news/,Says news  no specific mention of media releases
Australian National Maritime Museum,Communications and the Arts,Agency,https://www.sea.museum/,yes,No,N/A,https://www.sea.museum/about/media/media-releases,N/A
Australian Postal Corporation,Communications and the Arts,Agency,https://auspost.com.au/,No,No,N/A,https://newsroom.auspost.com.au,Says news  no specific mention of media releases
Bundanon Trust,Communications and the Arts,Agency,https://www.bundanon.com.au/,No,No,N/A,https://www.bundanon.com.au/about/news/,"Also  no news items presently.
Says news  no specific mention of media releases"
National Film and Sound Archive of Australia,Communications and the Arts,Agency,https://www.nfsa.gov.au/,Yes,No,N/A,https://www.nfsa.gov.au/corporate-information/media-releases,N/A
National Gallery of Australia,Communications and the Arts,Agency,https://nga.gov.au/,Yes,No,N/A,https://nga.gov.au/aboutus/press/default.cfm,Only has current year
National Library of Australia,Communications and the Arts,Agency,https://www.nla.gov.au/,Yes,No,N/A,https://www.nla.gov.au/news/recent-media-releases,N/A
National Museum of Australia,Communications and the Arts,Agency,https://www.nma.gov.au/,Yes,No,N/A,https://www.nma.gov.au/about/media,N/A
National Portrait Gallery of Australia,Communications and the Arts,Agency,https://www.portrait.gov.au/,Yes,No,N/A,https://www.portrait.gov.au/content/media/,Media releases mixed in with other news  requires filtering
NBN Co Limited,Communications and the Arts,Agency,https://www.nbnco.com.au/,Yes,Yes,https://www.nbnco.com.au/utility/rss/media-statements.xml,https://www.nbnco.com.au/corporate-information/media-centre/media-statements,Called media statements
Old Parliament House,Communications and the Arts,Agency,https://www.moadoph.gov.au/,Yes,No,N/A,https://www.moadoph.gov.au/about/media/,Media releases mixed in with other news  requires filtering
Screen Australia,Communications and the Arts,Agency,https://www.screenaustralia.gov.au/,Yes,No,N/A,https://www.screenaustralia.gov.au/media-centre/media-releases,N/A
Special Broadcasting Service Corporation,Communications and the Arts,Agency,https://www.sbs.com.au/,Yes,No,N/A,https://www.sbs.com.au/aboutus/news-media-releases,N/A
The Hon Paul Fletcher MP,Communications and the Arts,Minister for Communications  Cyber Safety and the Arts,http://www.aph.gov.au/Senators_and_Members/Parliamentarian?MPID=L6B,Yes,Yes,https://www.minister.communications.gov.au/rss.xml,https://www.minister.communications.gov.au/minister/Paul-Fletcher,N/A
The Hon Mark Coulton MP,"Communications and the Arts Infrastructure Transport Cities and Regional Development

","Minister for Regional Services  Decentralisation and Local Government Assistant Minister for Trade and Investment

",https://www.aph.gov.au/Senators_and_Members/Parliamentarian?MPID=HWN,Yes,No,N/A,"https://minister.infrastructure.gov.au/coulton/media-release   
https://minister.infrastructure.gov.au/coulton/speech  
https://www.health.gov.au/ministers/media-centre?f%5B0%5D=field_related_ministers%3A6209",N/A
Department of Defence,Defence,Department,https://www.defence.gov.au/,Yes,No,N/A,"https://www.minister.defence.gov.au/news-media/media-releases 
https://www.minister.defence.gov.au/news-media/speeches 
https://www.minister.defence.gov.au/minister/cpyne/speeches 
https://www.minister.defence.gov.au/minister/cpyne/media-releases",Minister's releases too.
AAF Company (Trustee of Army Amenities Fund and Messes Trust Fund),Defence,Agency,https://armyholidays.com.au/,No,No,N/A,N/A,N/A
Army and Air Force Canteen Service,Defence,Agency,https://www.aafcans.gov.au/,No,No,N/A,https://www.aafcans.gov.au/news/,Says news  no specific mention of media releases
Australian Military Forces Relief Trust Fund,Defence,Agency,https://armyrtf.com.au/,No,No,N/A,N/A,N/A
Australian Signals Directorate,Defence,Agency,https://www.asd.gov.au/,No,No,N/A,https://www.asd.gov.au/publications,Speeches and statements  mixed in with other publications
Australian Strategic Policy Institute Limited,Defence,Agency,https://www.aspi.org.au/,No,Yes,https://www.aspi.org.au/rss/news.rss,https://www.aspi.org.au/our-news,Says news  no specific mention of media releases
Defence Housing Australia,Defence,Agency,https://www.dha.gov.au/,No,No,N/A,https://www.dha.gov.au/about-us/news-and-events,Says news  no specific mention of media releases
RAAF Welfare Recreational Company,Defence,Agency,http://www.raafholidays.com.au/,No,No,N/A,N/A,N/A
Royal Australian Air Force Veterans Residences Trust Fund,Defence,Agency,https://www.airforce.gov.au/our-community/veterans-residences-trust,No,No,N/A,N/A,No dedicated website  part of raaf site.
Royal Australian Air Force Welfare Trust Fund,Defence,Agency,https://raafwelfaretrustfund.gov.au/,No,No,N/A,N/A,No MRs  only annual reports.
Royal Australian Navy Central Canteens Board (Royal Australian Navy Central Canteens Fund),Defence,Agency,https://navycanteens.com.au/,No,No,N/A,N/A,N/A
Royal Australian Navy Relief Trust Fund,Defence,Agency,http://www.navy.gov.au/royal-australian-navy-relief-trust-fund,No,No,N/A,N/A,No MRs  links to all defence MRs
Department of Veterans' Affairs,Defence,Department,https://www.dva.gov.au/,Yes,No,N/A,https://www.dva.gov.au/about-dva/media-centre,Other news items mixed in with MRs.
Australian War Memorial,Defence,Agency,https://www.awm.gov.au/,Yes,No,N/A,https://www.awm.gov.au/media/press-releases,N/A
Senator the Hon Linda Reynolds CSC,Defence,Minister for Defence,https://www.aph.gov.au/Senators_and_Members/Parliamentarian?MPID=250216,Yes,No,N/A,"https://www.minister.defence.gov.au/minister/lreynolds/media-releases  
https://www.minister.defence.gov.au/news-media/speeches",N/A
The Hon Darren Chester MP,Defence,Minister for Veterans and Defence Personnel,https://www.aph.gov.au/Senators_and_Members/Parliamentarian?MPID=IPZ,Yes,No,N/A,"http://minister.dva.gov.au/media_releases.htm  
http://minister.dva.gov.au/speeches.htm",N/A
The Hon Melissa Price MP,Defence,Minister for Defence Industry,https://www.aph.gov.au/Senators_and_Members/Parliamentarian?MPID=249308,Yes,No,N/A,"https://www.minister.defence.gov.au/minister/melissa-price/media-releases  
https://www.minister.defence.gov.au/minister/melissa-price/speeches",N/A
Department of Education,Education,Department,https://www.education.gov.au/,Yes,Yes,"https://ministers.education.gov.au/releases_rss?release_types=15 
https://ministers.education.gov.au/releases_rss?release_types=16 
https://ministers.education.gov.au/releases_rss?release_types=17","https://www.education.gov.au/news 
https://ministers.education.gov.au/",News  not MRs. Ministers site has MRs
Australian Curriculum  Assessment and Reporting Authority,Education,Agency,https://www.acara.edu.au/,Yes,No,N/A,https://www.acara.edu.au/news-and-media/media-releases,N/A
Australian Institute for Teaching and School Leadership Limited,Education,Agency,https://www.aitsl.edu.au/,Yes,No,N/A,https://www.aitsl.edu.au/secondary/news-and-media,Media releases mixed in with other news  requires filtering
Australian National University,Education,Agency,https://www.anu.edu.au/,No,No,N/A,https://www.anu.edu.au/news/all-news,Says news  no specific mention of media releases
Australian Research Council,Education,Agency,https://www.arc.gov.au/,Yes,No,N/A,https://www.arc.gov.au/news-publications/media/media-releases,N/A
Tertiary Education Quality and Standards Agency,Education,Agency,https://www.teqsa.gov.au/,Yes,No,N/A,https://www.teqsa.gov.au/latest-news?f%5B0%5D=type%3Amedia_release,N/A
The Hon Steve Irons MP,Education,Assistant Minister for Vocational Education  Training and Apprenticeships,https://www.aph.gov.au/Senators_and_Members/Parliamentarian?MPID=HYM,Yes,Yes,https://ministers.employment.gov.au/releases_rss?minister=16106,https://ministers.employment.gov.au/irons,N/A
The Hon Daniel Tehan MP,Education,Minister for Education,http://www.aph.gov.au/Senators_and_Members/Parliamentarian?MPID=210911,Yes,Yes,https://ministers.education.gov.au/releases_rss?minister=13611,https://ministers.education.gov.au/tehan-0,N/A
Department of Employment  Skills  Small and Family Business,Employment  Skills  Small and Family Business,Department,https://www.employment.gov.au/,Yes,Yes,"https://ministers.employment.gov.au/releases_rss?release_types=15 
https://ministers.employment.gov.au/releases_rss?release_types=16 
https://ministers.employment.gov.au/releases_rss?release_types=17",https://www.employment.gov.au/newsroom,News  not MRs. Ministers site has MRs
Senator the Hon Michaelia Cash,Employment  Skills  Small and Family Business,Minister for Employment  Skills  Small and Family Business,http://www.aph.gov.au/Senators_and_Members/Parliamentarian?MPID=I0M,Yes,Yes,https://ministers.employment.gov.au/releases_rss?minister=13105,https://ministers.employment.gov.au/cash,N/A
Australian Skills Quality Authority (National Vocational Education and Training Regulator),Employment Skills Small and Family Business,Agency,https://www.asqa.gov.au/,Yes,Yes,https://www.asqa.gov.au/rss.xml,https://www.asqa.gov.au/news-publications/media,CSS has MRs  RSS has all.
Department of the Environment and Energy,Environment and Energy,Department,http://www.environment.gov.au/,Yes,Yes,http://www.environment.gov.au/rss-feed,http://www.environment.gov.au/water/cewo/media-release,RSS has all news updates
Australian Renewable Energy Agency,Environment and Energy,Agency,https://arena.gov.au/,Yes,No,N/A,https://arena.gov.au/news/,N/A
Bureau of Meteorology,Environment and Energy,Agency,http://www.bom.gov.au/,Yes,Yes,http://www.bom.gov.au/rss/,http://media.bom.gov.au/releases/,N/A
Clean Energy Finance Corporation,Environment and Energy,Agency,https://www.cefc.com.au/,Yes,No,N/A,https://www.cefc.com.au/media/latest-news/,Latest news includes media releases
Clean Energy Regulator,Environment and Energy,Agency,http://www.cleanenergyregulator.gov.au/,No,No,N/A,http://www.cleanenergyregulator.gov.au/Infohub/Media-Centre/Media-updates,Says media updates no specific mention of media releases
Climate Change Authority,Environment and Energy,Agency,http://climatechangeauthority.gov.au/,No,Yes,http://climatechangeauthority.gov.au/latest.xml,N/A,Has news section  although no specific mention of media releases
Director of National Parks,Environment and Energy,Agency,https://www.environment.gov.au/topics/national-parks/parks-australia/director-national-parks,Yes,No,N/A,https://www.environment.gov.au/topics/national-parks/parks-australia/media-releases,
Great Barrier Reef Marine Park Authority,Environment and Energy,Agency,http://www.gbrmpa.gov.au/,No,No,N/A,http://www.gbrmpa.gov.au/news-room/latest-news,News  not MRs.
Snowy Hydro Ltd,Environment and Energy,Agency,https://www.snowyhydro.com.au/,Yes,No,N/A,https://www.snowyhydro.com.au/tag/media-release/,N/A
Sydney Harbour Federation Trust,Environment and Energy,Agency,https://www.harbourtrust.gov.au/en/,Yes,No,N/A,https://www.harbourtrust.gov.au/en/media-centre/,N/A
The Hon David Littleproud MP,Environment and Energy,Minister for Water Resources  Drought  Rural Finance  Natural Disaster and Emergency Management,https://www.aph.gov.au/Senators_and_Members/Parliamentarian?MPID=265585,Yes,No,N/A,"https://minister.infrastructure.gov.au/littleproud/media-release
https://minister.agriculture.gov.au/littleproud/media-releases",N/A
The Hon Angus Taylor MP,Environment and Energy,Minister for Energy and Emissions Reduction,https://www.aph.gov.au/Senators_and_Members/Parliamentarian?MPID=231027,Yes,Yes,https://minister.environment.gov.au/feed/taylor/rss.xml,"https://minister.environment.gov.au/taylor/news  
https://minister.environment.gov.au/taylor/news?field_media_category_tid=24",N/A
The Hon Sussan Ley MP,Environment and Energy,Minister for the Environment,https://www.aph.gov.au/Senators_and_Members/Parliamentarian?MPID=00AMN,Yes,Yes,https://minister.environment.gov.au/feed/ley/rss.xml,https://minister.environment.gov.au/ley/news?field_media_category_tid=25,N/A
Senator the Hon Jonathon Duniam,Environment and Energy,Assistant Minister for Forestry and Fisheries  Assistant Minister for Regional Tourism,https://www.aph.gov.au/Senators_and_Members/Parliamentarian?MPID=263418,Yes,No,N/A,https://minister.agriculture.gov.au/Duniam/media-releases,N/A
The Hon Trevor Evans MP,Environment and Energy,Assistant Minister for Waste Reduction and Environmental Management,https://www.aph.gov.au/Senators_and_Members/Parliamentarian?MPID=61378,Yes,Yes,https://minister.environment.gov.au/feed/evans/rss.xml,https://minister.environment.gov.au/evans/news,N/A
Department of Finance,Finance,Department,https://www.finance.gov.au/,No,No,N/A,https://www.finance.gov.au/news/,News  not MRs. Minister has MRs on his site.
ASC Pty Ltd,Finance,Agency,https://www.asc.com.au/,No,No,N/A,"https://www.asc.com.au/news-media/latest-news/ 
https://www.asc.com.au/news-media/speeches-conference-papers/",News and not MRs  they have speeches but not from the minister  only from the chief executive.
Australian Electoral Commission,Finance,Agency,https://www.aec.gov.au/,Yes,No,N/A,https://www.aec.gov.au/media/media-releases/,Current year only  will require updating.
Australian Naval Infrastructure Pty Ltd,Finance,Agency,https://www.ani.com.au/,No,No,N/A,https://www.ani.com.au/news/,News  not MRs.
Commonwealth Superannuation Corporation,Finance,Agency,https://www.csc.gov.au/,No,No,N/A,https://www.csc.gov.au/Members/News/,News  not MRs.
Future Fund Management Agency,Finance,Agency,https://www.futurefund.gov.au/,Yes,No,N/A,https://www.futurefund.gov.au/news-room?from=&to=&itemsperpage=&Content+Type=9ca2538c-3619-41e2-92d8-8b5854c18e7e&Content+Type=6cdc46f0-af4d-475a-88b6-bc0b9e38f5cf,MRs and Speeches
Independent Parliamentary Expenses Authority,Finance,Agency,https://www.ipea.gov.au/,Yes,No,N/A,https://www.ipea.gov.au/home-media-centre-media-centre/media-releases-statements,MRs and Statements together
Senator the Hon Mathias Cormann,Finance,Minister for Finance,http://www.aph.gov.au/Senators_and_Members/Parliamentarian?MPID=HDA,Yes,Yes,https://ministers.treasury.gov.au/ministers/mathias-cormann-2014/media-releases/feed,"https://www.financeminister.gov.au/media
https://www.financeminister.gov.au/speeches",N/A
Senator the Hon Jane Hume,Finance,Assistant Minister for Superannuation  Financial Services and Financial Technology,https://www.aph.gov.au/Senators_and_Members/Parliamentarian?MPID=266499,Yes,Yes,"https://ministers.treasury.gov.au/ministers/jane-hume-2019/speeches/feed  
https://ministers.treasury.gov.au/ministers/jane-hume-2019/media-releases/feed","https://ministers.treasury.gov.au/ministers/jane-hume-2019/media-releases
https://ministers.treasury.gov.au/ministers/jane-hume-2019/speeches",N/A
Senator the Hon Zed Seselja,Finance,Assistant Minister for Finance  Charities and Electoral Matters,http://www.aph.gov.au/Senators_and_Members/Parliamentarian?MPID=HZE,Yes,No,N/A,"https://www.financeminister.gov.au/assistant/media-releases
https://www.financeminister.gov.au/assistant/speeches",N/A
Department of Foreign Affairs and Trade,Foreign Affairs and Trade,Department,https://dfat.gov.au/pages/default.aspx,Yes,No,N/A,"https://dfat.gov.au/news/media/Pages/media.aspx 
https://dfat.gov.au/news/speeches/Pages/speeches.aspx",Speeches and Media
Australian Centre for International Agricultural Research,Foreign Affairs and Trade,Agency,https://www.aciar.gov.au/,Yes,No,N/A,https://www.aciar.gov.au/search?search_api_views_fulltext=media+release,News  not MRs
Australian Secret Intelligence Service,Foreign Affairs and Trade,Agency,https://www.asis.gov.au/,No,No,N/A,N/A,No mention of news of media release
Australian Trade and Investment Commission (Austrade),Foreign Affairs and Trade,Agency,https://www.austrade.gov.au/,Yes,Yes,https://www.austrade.gov.au/About-Austrade/Site-information/RSS/RSS,https://www.austrade.gov.au/News/Media-releases,N/A
Export Finance and Insurance Corporation (EFIC) (Export Finance Australia),Foreign Affairs and Trade,Agency,https://www.exportfinance.gov.au/,Yes,No,N/A,https://www.exportfinance.gov.au/search/?s=media+release,N/A
Tourism Australia,Foreign Affairs and Trade,Agency,http://www.tourism.australia.com/en,No,No,N/A,N/A,No mention of media release or RSS
Senator the Hon Marise Payne,Foreign Affairs and Trade,"Minister for Foreign Affairs Minister for Women 
",http://www.aph.gov.au/Senators_and_Members/Parliamentarian?MPID=M56,Yes,Yes,https://foreignminister.gov.au/_layouts/feed.aspx?xsl=1&web=%2F&page=1ac57cc2-3e98-49a5-92a0-26b817a4991d&wp=f9fa3e69-cc04-4c62-b587-5c32edcaddef&pageurl=%2FPages%2FRSS%2DFeed%2Easpx,https://minister.agriculture.gov.au/McKenzie/speeches-and-transcripts,N/A
Senator the Hon Simon Birmingham,Foreign Affairs and Trade,Minister for Trade  Tourism and Investment,http://www.aph.gov.au/Senators_and_Members/Parliamentarian?MPID=H6X,Yes,Yes,http://trademinister.gov.au/_layouts/dfat.ministers/feed.aspx?xsl=1&web=%2FTradeMinister&page=6ff9d43d-9d8c-481c-ad76-065fcda6b1ca&wp=47b917a9-848a-49ec-8aab-164a7882de65&pageurl=%2FTradeMinister%2FPages%2FRSS%2DFeed%2Easpx,"https://trademinister.gov.au/releases/Pages/default.aspx  
https://trademinister.gov.au/speeches/Pages/default.aspx",N/A
The Hon Alex Hawke MP,"Foreign Affairs and Trade Defence","Minister for International Development and the Pacific Assistant Minister for Defence",https://www.aph.gov.au/Senators_and_Members/Parliamentarian?MPID=HWO,Yes,No,N/A,"https://www.minister.defence.gov.au/minister/alex-hawke/media-releases  
https://www.minister.defence.gov.au/minister/alex-hawke/speeches
",N/A
Department of Health,Health,Department,https://www.health.gov.au/,Yes,Yes,https://www.health.gov.au/news/rss.xml,https://www.health.gov.au/news?f%5B0%5D=type%3Adepartmental_media,Both departmental and Ministerial media releases
Aged Care Quality and Safety Commission,Health,Agency,https://www.agedcarequality.gov.au/,Yes,No,N/A,https://www.agedcarequality.gov.au/news-media,News & Media
Australian Commission on Safety and Quality in Health Care,Health,Agency,https://www.safetyandquality.gov.au/,Yes,No,N/A,https://www.safetyandquality.gov.au/publications-and-resources/media-releases,N/A
Australian Digital Health Agency,Health,Agency,https://www.digitalhealth.gov.au/,Yes,Yes,https://www.digitalhealth.gov.au/news-and-events/news.rss,https://www.digitalhealth.gov.au/search/query:media%20release,N/A
Australian Institute of Health and Welfare,Health,Agency,https://www.aihw.gov.au/,Yes,No,N/A,https://www.aihw.gov.au/news-media/media-releases,No mention of rss feeds
Australian National Preventive Health Agency,Health,Agency,https://www.health.gov.au/health-topics/smoking-and-tobacco/how-to-quit-smoking?utm_source=quitnow.gov.au&utm_medium=redirect&utm_campaign=digital_transformation,Yes,Yes,https://www.health.gov.au/news/rss.xml,https://www.health.gov.au/media-centre,Media release and RSS feed
Australian Radiation Protection and Nuclear Safety Agency,Health,Agency,https://www.arpansa.gov.au/,No,Yes,https://www.arpansa.gov.au/whats-new.rss,N/A,No mention of media releases
Australian Sports Anti-Doping Authority,Health,Agency,https://www.asada.gov.au/,Yes,Yes,https://www.asada.gov.au/news/rss.xml,https://www.asada.gov.au/news-type/media-statements,News > Media Statements
Australian Sports Commission,Health,Agency,https://www.sportaus.gov.au/,No,No,N/A,N/A,No mention of specific media release page or rss feeds
Australian Sports Foundation Limited,Health,Agency,https://asf.org.au/,No,No,N/A,N/A,No mention of news or media releases
Cancer Australia,Health,Agency,https://canceraustralia.gov.au/,No,No,N/A,N/A,They have a eNewsletter which you can subscribe too and various other publications  although no mention of media releases.
Food Standards Australia New Zealand,Health,Agency,http://www.foodstandards.gov.au/Pages/default.aspx,No,No,N/A,N/A,No mention of news or media releases
Independent Hospital Pricing Authority,Health,Agency,https://www.ihpa.gov.au/,Yes,No,N/A,https://www.ihpa.gov.au/media-releases,Good example of media release section
National Blood Authority,Health,Agency,https://www.blood.gov.au/,Yes,Yes,https://www.blood.gov.au/rss.xml,https://www.blood.gov.au/search/media%20release,N/A
National Health and Medical Research Council,Health,Agency,https://www.nhmrc.gov.au/,No,No,N/A,https://www.nhmrc.gov.au/search?search=media+release&field_publication_date=&field_publication_date_1=&content_type_filter=1,Publications  no specific mention of media releases
National Health Funding Body,Health,Agency,https://www.publichospitalfunding.gov.au/,No,No,N/A,N/A,No media releases or RSS feed
National Mental Health Commission,Health,Agency,http://www.mentalhealthcommission.gov.au/,No,Yes,http://www.mentalhealthcommission.gov.au/Rss,N/A,No specific mention of media releases
Organ and Tissue Authority,Health,Agency,https://donatelife.gov.au/,No,No,N/A,https://donatelife.gov.au/search?search_api_views_fulltext=media+release,News and events  no mention of media release
Professional Services Review,Health,Agency,https://www.psr.gov.au/,No,No,N/A,N/A,N/A
Senator the Hon Richard Colbeck,Health,Minister for Aged Care and Senior Australians  Minister for Youth and Sport,https://www.aph.gov.au/Senators_and_Members/Parliamentarian?MPID=00AOL,Yes,No,N/A,https://www.health.gov.au/ministers/media-centre?f%5B0%5D=field_related_ministers%3A6197,N/A
The Hon Greg Hunt MP,"Health Prime Minister and Cabinet","Minister for Health   Minister Assisting the Prime Minister for the Public Service and Cabinet",http://www.aph.gov.au/Senators_and_Members/Parliamentarian?MPID=00AMV,Yes,No,N/A,https://www.health.gov.au/ministers/media-centre?f%5B0%5D=field_related_ministers%3A3871,N/A
Department of Home Affairs,Home Affairs,Department,https://www.homeaffairs.gov.au/,Yes,No,N/A,https://www.homeaffairs.gov.au/search?k=media%20release,News and media
Australian Criminal Intelligence Commission,Home Affairs,Agency,https://www.acic.gov.au/,Yes,No,N/A,"https://www.acic.gov.au/media-centre/media-releases-and-statements
",Media releases and statements
Australian Federal Police,Home Affairs,Agency,https://www.afp.gov.au/,Yes,Yes,https://www.afp.gov.au/feed/media-releases,https://www.afp.gov.au/news-media/media-releases,N/A
Australian Institute of Criminology,Home Affairs,Agency,https://aic.gov.au/,Yes,No,N/A,https://aic.gov.au/media-centre/media-releases-and-statements,N/A
Australian Security Intelligence Organisation,Home Affairs,Agency,https://www.asio.gov.au/,No,No,N/A,N/A,No mention of MR's or news
Australian Transaction Reports and Analysis Centre,Home Affairs,Agency,https://www.austrac.gov.au/,Yes,Yes,https://www.austrac.gov.au/media-release/rss.xml,https://www.austrac.gov.au/about-us/media-release,N/A
The Hon David Coleman MP,Home Affairs,Minister for Immigration  Citizenship  Migrant Services and Multicultural Affairs,https://www.aph.gov.au/Senators_and_Members/Parliamentarian?MPID=241067,Yes,No,N/A,"https://minister.homeaffairs.gov.au/davidcoleman/Pages/Media-Releases.aspx  
https://minister.homeaffairs.gov.au/davidcoleman/Pages/Speeches-and-Transcripts.aspx",N/A
The Hon Jason Wood MP,Home Affairs,Assistant Minister for Customs  Community Safety and Multicultural Affairs,https://www.aph.gov.au/Senators_and_Members/Parliamentarian?MPID=E0F,Yes,No,N/A,"https://minister.homeaffairs.gov.au/jasonwood/Pages/Media-Releases.aspx 
https://minister.homeaffairs.gov.au/jasonwood/Pages/Speeches-and-Transcripts.aspx",Difficult to pull  multiple filters by type  year and month.
The Hon Peter Dutton MP,Home Affairs,Minister for Home Affairs,http://www.aph.gov.au/Senators_and_Members/Parliamentarian?MPID=00AKI,Yes,Yes,"https://minister.homeaffairs.gov.au/_layouts/15/SP.Minister/Rss.aspx?type=media&mini=peterdutton   
https://minister.homeaffairs.gov.au/_layouts/15/SP.Minister/Rss.aspx?type=speech&mini=peterdutton","https://minister.homeaffairs.gov.au/peterdutton/Pages/Media-Releases.aspx   
https://minister.homeaffairs.gov.au/peterdutton/Pages/Speeches-and-Transcripts.aspx",Difficult to pull  multiple filters by type  year and month.
Department of Industry  Innovation and Science,Industry  Innovation and Science,Department,https://www.industry.gov.au/,Yes,No,N/A,https://www.industry.gov.au/news-media,News and media
Australian Institute of Marine Science,Industry  Innovation and Science,Agency,https://www.aims.gov.au/,Yes,No,N/A,https://www.aims.gov.au/docs/media/media.html,Media resources  not MR's
Australian Nuclear Science and Technology Organisation,Industry  Innovation and Science,Agency,https://www.ansto.gov.au/,Yes,No,N/A,https://www.ansto.gov.au/news,News  not MR's
Commonwealth Scientific and Industrial Research Organisation,Industry  Innovation and Science,Agency,https://www.csiro.au/,Yes,No,N/A,https://www.csiro.au/en/News,News  not MR's
Geoscience Australia,Industry  Innovation and Science,Agency,http://www.ga.gov.au/,No,No,N/A,N/A,No mention of media release
IP Australia,Industry  Innovation and Science,Agency,https://www.ipaustralia.gov.au/,Yes,No,N/A,https://www.ipaustralia.gov.au/about-us/news-and-community/news,News  not MR's
National Offshore Petroleum Safety and Environmental Management Authority,Industry  Innovation and Science,Agency,https://www.nopsema.gov.au/,Yes,No,N/A,https://www.nopsema.gov.au/news-and-media/latest-news/,Latest news  not MR's
Northern Australia Infrastructure Facility,Industry  Innovation and Science,Agency,https://naif.gov.au/,Yes,No,N/A,https://naif.gov.au/media-and-publications/,Media & Publications
The Hon Christian Porter MP,Industry  Innovation and Science,Attorney-General  Minister for Industrial Relations,https://www.aph.gov.au/Senators_and_Members/Parliamentarian?MPID=208884,Yes,No,N/A,https://www.attorneygeneral.gov.au/Media/Pages/default.aspx,Difficult to pull  multiple filters by type  year and month.
The Hon Karen Andrews MP,Industry  Innovation and Science,Minister for Industry  Science and Technology,https://www.aph.gov.au/Senators_and_Members/Parliamentarian?MPID=230886,Yes,No,N/A,https://www.minister.industry.gov.au/ministers/karenandrews,N/A
Senator the Hon Matthew Canavan,Industry  Innovation and Science,Minister for Resources and Northern Australia,https://www.aph.gov.au/Senators_and_Members/Parliamentarian?MPID=245212,yes,No,N/A,https://www.minister.industry.gov.au/ministers/Canavan/media_releases,N/A
Department of Infrastructure Transport Cities and Regional Development,Infrastructure Transport Cities and Regional Development,Department,https://www.infrastructure.gov.au/,Yes,Yes,https://www.bitre.gov.au/rss/new_releases.xml,https://www.infrastructure.gov.au/department/media/releases_speeches.aspx,Media releases and speeches
Airservices Australia,Infrastructure Transport Cities and Regional Development,Agency,http://www.airservicesaustralia.com/,Yes,No,N/A,https://newsroom.airservicesaustralia.com/releases,N/A
Australian Maritime Safety Authority,Infrastructure Transport Cities and Regional Development,Agency,http://www.amsa.gov.au/,Yes,No,N/A,https://www.amsa.gov.au/news-community/news-and-media-releases,N/A
Australian Rail Track Corporation Limited,Infrastructure Transport Cities and Regional Development,Agency,https://www.artc.com.au/,Yes,No,N/A,https://www.artc.com.au/?s=media+release,N/A
Australian Transport Safety Bureau,Infrastructure Transport Cities and Regional Development,Agency,http://www.atsb.gov.au/,Yes,No,N/A,http://www.atsb.gov.au/media/news/,News  not MR's
Civil Aviation Safety Authority,Infrastructure Transport Cities and Regional Development,Agency,https://www.casa.gov.au/,Yes,No,N/A,https://www.casa.gov.au/publications-and-resources/media-hub/media-releases,N/A
Infrastructure Australia,Infrastructure Transport Cities and Regional Development,Agency,https://www.infrastructureaustralia.gov.au/,Yes,No,N/A,https://www.infrastructureaustralia.gov.au/listing/media-releases,N/A
Moorebank Intermodal Company Limited,Infrastructure Transport Cities and Regional Development,Agency,http://www.micl.com.au/,Yes,No,N/A,http://www.micl.com.au/media-releases,N/A
National Capital Authority,Infrastructure Transport Cities and Regional Development,Agency,https://www.nca.gov.au/,Yes,No,N/A,https://www.nca.gov.au/search/node/media%20release,N/A
National Faster Rail Agency,Infrastructure Transport Cities and Regional Development,Agency,https://www.nfra.gov.au/,Yes,No,N/A,https://www.nfra.gov.au/news-centre/latest-news-and-stories/media-releases,N/A
National Transport Commission,Infrastructure Transport Cities and Regional Development,Agency,https://www.ntc.gov.au/,"
Yes",No,N/A,https://www.ntc.gov.au/news,News and Media
North Queensland Water Infrastructure Authority,Infrastructure Transport Cities and Regional Development,Agency,https://www.nqwia.gov.au/,No,No,N/A,N/A,No mention of news or media releases
WSA Co Limited,Infrastructure Transport Cities and Regional Development,Agency,https://westernsydney.com.au/,Yes,No,N/A,https://westernsydney.com.au/search/result?keys=media+release,Only one media release present
The Hon Michael McCormack MP,Infrastructure Transport Cities and Regional Development,Minister for Infrastructure and Transport and Regional Development,https://www.aph.gov.au/Senators_and_Members/Parliamentarian?MPID=219646,Yes,No,N/A,"https://minister.infrastructure.gov.au/mccormack/media-release  
https://minister.infrastructure.gov.au/mccormack/speech",N/A
The Hon Alan Tudge MP,Infrastructure Transport Cities and Regional Development,Minister for Population  Cities and Urban Infrastructure,https://www.aph.gov.au/Senators_and_Members/Parliamentarian?MPID=M2Y,Yes,No,N/A,"https://minister.infrastructure.gov.au/tudge/media-release   
https://minister.infrastructure.gov.au/tudge/speech",N/A
The Hon Scott Buchholz MP,Infrastructure Transport Cities and Regional Development,Assistant Minister for Road Safety and Freight Transport,https://www.aph.gov.au/Senators_and_Members/Parliamentarian?MPID=230531,Yes,No,N/A,https://minister.infrastructure.gov.au/buchholz/media-release,N/A
The Hon Nola Marino MP,Infrastructure Transport Cities and Regional Development,Assistant Minister for Regional Development and Territories,https://www.aph.gov.au/Senators_and_Members/Parliamentarian?MPID=HWP,Yes,No,N/A,https://minister.infrastructure.gov.au/marino/media-release,N/A
Department of Parliamentary Services,Parliamentary Departments,Department,https://www.aph.gov.au/About_Parliament/Parliamentary_Departments/Department_of_Parliamentary_Services,"
Yes",Yes,https://www.aph.gov.au/Help/RSS_feeds,https://www.aph.gov.au/Parliamentary_Business/Committees/Joint/Migration/RegionalMigration/Media_Releases,N/A
Department of the House of Representatives,Parliamentary Departments,Department,https://www.aph.gov.au/About_Parliament/House_of_Representatives,Yes,Yes,https://www.aph.gov.au/Help/RSS_feeds,https://www.aph.gov.au/Parliamentary_Business/Committees/Joint/Migration/RegionalMigration/Media_Releases,N/A
Department of the Senate,Parliamentary Departments,Department,https://www.aph.gov.au/About_Parliament/Parliamentary_Departments/Department_of_the_Senate,Yes,Yes,https://www.aph.gov.au/Help/RSS_feeds,https://www.aph.gov.au/Parliamentary_Business/Committees/Joint/Migration/RegionalMigration/Media_Releases,N/A
Parliamentary Budget Office,Parliamentary Departments,Department,https://www.aph.gov.au/pbo/,Yes,Yes,https://www.aph.gov.au/Help/RSS_feeds,https://www.aph.gov.au/News_and_Events,News and events  not MR's
Name,Portfolio,Type,URL,Media Releases?,RSS Feed?,RSS Feed URL(s),CSS Selector URL(s),Notes
Department of the Prime Minister and Cabinet,Prime Minister and Cabinet,Department,https://www.pmc.gov.au/,Yes,No,N/A,"https://www.pmc.gov.au/search/google/media%20release
",News centre
Aboriginal Hostels Limited,Prime Minister and Cabinet,Agency,http://www.ahl.gov.au/,No,No,N/A,N/A,N/A
Anindilyakwa Land Council,Prime Minister and Cabinet,Agency,https://www.anindilyakwa.com.au/,No,No,N/A,N/A,News  not MR's
Australian Institute of Aboriginal and Torres Strait Islander Studies,Prime Minister and Cabinet,Agency,https://aiatsis.gov.au/,Yes,No,N/A,https://aiatsis.gov.au/news-and-events,News & events
Australian National Audit Office,Prime Minister and Cabinet,Agency,https://www.anao.gov.au/,Yes,No,N/A,https://www.anao.gov.au/work?query=media+release,N/A
Australian Public Service Commission,Prime Minister and Cabinet,Agency,https://www.apsc.gov.au/,Yes,No,N/A,https://www.apsc.gov.au/media-releases,N/A
Central Land Council,Prime Minister and Cabinet,Agency,https://www.clc.org.au/,Yes,No,N/A,https://www.clc.org.au/media-releases/,N/A
Indigenous Business Australia,Prime Minister and Cabinet,Agency,https://www.iba.gov.au/,No,No,N/A,https://www.iba.gov.au/news-media/,News  not MR's
Indigenous Land and Sea Corporation,Prime Minister and Cabinet,Agency,https://www.ilsc.gov.au/,Yes,No,N/A,https://www.ilsc.gov.au/home/news/,News  media releases & speeches
National Australia Day Council Limited,Prime Minister and Cabinet,Agency,https://www.australiaday.org.au/,No,No,NA,https://www.australiaday.org.au/nadc/media/,Latest news  no MR's
National Indigenous Australians Agency,Prime Minister and Cabinet,Agency,https://www.niaa.gov.au/,No,No,N/A,https://www.niaa.gov.au/news-centre,Latest news  no MR's
North Queensland Livestock Industry Recovery Agency,Prime Minister and Cabinet,Agency,https://www.nqlira.gov.au/,No,No,N/A,https://www.nqlira.gov.au/news,News  no MR's
Northern Land Council,Prime Minister and Cabinet,Agency,https://www.nlc.org.au/,Yes,No,N/A,https://www.nlc.org.au/media-publications?publicationType=media-release,N/A
Office of National Intelligence,Prime Minister and Cabinet,Agency,https://www.oni.gov.au/,No,No,N/A,N/A,No mention of MR's or news
Office of the Official Secretary to the Governor-General,Prime Minister and Cabinet,Agency,https://www.gg.gov.au/,No,No,N/A,N/A,No mention of MR's or news
Outback Stores Pty Ltd,Prime Minister and Cabinet,Agency,https://outbackstores.com.au/,No,No,N/A,https://outbackstores.com.au/media/,News although no mention of MR's
Tiwi Land Council,Prime Minister and Cabinet,Agency,http://www.tiwilandcouncil.com/,No,No,N/A,http://www.tiwilandcouncil.com/index.cfm?fuseaction=page&p=260&l=2&id=67&smid=191,Publications but no specific mention to MR's
Torres Strait Regional Authority,Prime Minister and Cabinet,Agency,http://www.tsra.gov.au/,No,No,N/A,"http://www.tsra.gov.au/news-and-resources
",News & Resources  but no mention of media releases
Workplace Gender Equality Agency,Prime Minister and Cabinet,Agency,https://www.wgea.gov.au/,Yes,No,N/A,https://www.wgea.gov.au/newsroom/media-releases,N/A
Wreck Bay Aboriginal Community Council,Prime Minister and Cabinet,Agency,http://www.wbacc.gov.au/,No,No,N/A,http://www.wbacc.gov.au/press-releases/,press releases  was not able to find MR anywhere
The Hon Scott Morrison MP,Prime Minister and Cabinet,Minister for the Public Service,http://www.aph.gov.au/Senators_and_Members/Parliamentarian?MPID=E3L,Yes,No,N/A,https://www.pm.gov.au/media,N/A
The Hon Ken Wyatt AM MP,Prime Minister and Cabinet,Minister for Indigenous Australians,http://www.aph.gov.au/Senators_and_Members/Parliamentarian?MPID=M3A,Yes,No,N/A,https://ministers.pmc.gov.au/wyatt,N/A
The Hon Ben Morton MP,Prime Minister and Cabinet,Assistant Minister to the Prime Minister,https://www.aph.gov.au/Senators_and_Members/Parliamentarian?MPID=265931,Yes,No,N/A,https://ministers.pmc.gov.au/morton,N/A
The Hon Andrew Gee MP,Prime Minister and Cabinet,Assistant Minister to the Deputy Prime Minister,https://www.aph.gov.au/Senators_and_Members/Parliamentarian?MPID=261393,Yes,No,N/A,https://minister.infrastructure.gov.au/gee/media-release,N/A
"Australian Hearing Services
",Social Services,Agency,https://www.hearing.com.au/,No,No,N/A,https://www.hearing.com.au/About-Hearing-Australia/Hearing-news,General news  no MR's
Digital Transformation Agency,Social Services,Agency,https://www.dta.gov.au/,No,Yes,https://www.dta.gov.au/news-blogs/feed/all,https://www.dta.gov.au/news-blogs/all,News & blogs  no MR's
"Department of Social Services
",Social Services,Department,https://www.dss.gov.au/,No,No,N/A,https://www.dta.gov.au/news-blogs/feed/all,News  no MR's
Australian Institute of Family Studies,Social Services,Agency,https://aifs.gov.au/,Yes,No,N/A,https://aifs.gov.au/media-centre,N/A
National Disability Insurance Scheme Launch Transition Agency,Social Services,Agency,https://www.ndis.gov.au/,Yes,No,N/A,"https://www.ndis.gov.au/news/media-releases
",N/A
NDIS Quality and Safeguards Commission,Social Services,Agency,https://www.ndiscommission.gov.au/,Yes,No,N/A,https://www.ndiscommission.gov.au/news-media/media-releases,N/A
Senator the Hon Anne Ruston,Social Services,Minister for Families and Social Services,http://www.aph.gov.au/Senators_and_Members/Parliamentarian?MPID=243273,Yes,Yes,https://ministers.dss.gov.au/feeds/anne-ruston/rss.xml,"https://ministers.dss.gov.au/anne-ruston/media-releases  
https://ministers.dss.gov.au/anne-ruston/speeches",N/A
The Hon Stuart Robert MP,Social Services,"Minister for the National Disability Insurance Scheme Minister for Government Services",https://www.aph.gov.au/Senators_and_Members/Parliamentarian?MPID=HWT,Yes,Yes,https://ministers.dss.gov.au/feeds/stuart-robert/rss.xml,https://ministers.dss.gov.au/stuart-robert,N/A
The Hon Michelle Landry MP,Social Services,Assistant Minister for Children and Families,https://www.aph.gov.au/Senators_and_Members/Parliamentarian?MPID=249764,Yes,No,N/A,https://ministers.dss.gov.au/michelle-landry/media-releases,N/A
The Hon Luke Howarth MP,Social Services,Assistant Minister for Community Housing  Homelessness and Community Services,https://www.aph.gov.au/Senators_and_Members/Parliamentarian?MPID=247742,Yes,Yes,https://ministers.dss.gov.au/feeds/luke-howarth/rss.xml,https://ministers.dss.gov.au/luke-howarth,N/A
Department of the Treasury,Treasury,Department,https://treasury.gov.au/,Yes,Yes,https://treasury.gov.au/rss-feeds,https://treasury.gov.au/media-release,N/A
Australian Bureau of Statistics,Treasury,Agency,https://www.abs.gov.au/,Yes,Yes,https://www.abs.gov.au/AUSSTATS/wmdata.nsf/activerss/mediaReleases_rss/$File/mediaReleases_rss.xml,https://www.abs.gov.au/Ausstats/abs@.nsf/dd0ca10eed681f12ca2570ce0082655d!OpenView,
Australian Competition and Consumer Commission,Treasury,Agency,https://www.accc.gov.au/,Yes,No,N/A,https://www.accc.gov.au/media/media-releases,N/A
Australian Office of Financial Management,Treasury,Agency,https://www.aofm.gov.au/,No,No,N/A,"https://www.aofm.gov.au/publications/speeches
",Speeches  no MR's
Australian Prudential Regulation Authority,Treasury,Agency,https://www.apra.gov.au/,Yes,No,N/A,https://www.apra.gov.au/news-and-publications/39,Media release section falls under news & publications
Australian Reinsurance Pool Corporation,Treasury,Agency,https://arpc.gov.au/,Yes,No,N/A,https://arpc.gov.au/resources-2/media-releases/,N/A
Australian Securities and Investments Commission,Treasury,Agency,https://asic.gov.au/,Yes,No,N/A,https://asic.gov.au/about-asic/news-centre/find-a-media-release/,N/A
Australian Taxation Office,Treasury,Agency,https://www.ato.gov.au/,Yes,Yes,https://www.ato.gov.au/rss.aspx?category=1837,https://www.ato.gov.au/Media-centre/#!type=Media+releases&year=All+years&pageOption=10&pageIndex=0,
Commonwealth Grants Commission,Treasury,Agency,https://www.cgc.gov.au/,No,No,N/A,N/A,N/A
Financial Adviser Standards and Ethics Authority Ltd,Treasury,Agency,https://www.fasea.gov.au/,Yes,No,N/A,https://www.fasea.gov.au/media-releases/,N/A
Infrastructure and Project Financing Agency,Treasury,Agency,https://www.ipfa.gov.au/,Yes,No,N/A,https://www.ipfa.gov.au/reports/recent-media,N/A
Inspector-General of Taxation,Treasury,Agency,http://igt.gov.au/,Yes,No,N/A,http://igt.gov.au/news-and-media/,"not secure
"
National Competition Council,Treasury,Agency,http://ncc.gov.au/,Yes,No,N/A,http://ncc.gov.au/media-centre/media_centre,no releases since 2016  not secure
National Housing Finance and Investment Corporation,Treasury,Agency,https://nhfic.gov.au/,Yes,No,N/A,https://nhfic.gov.au/news-media/media-releases/,N/A
Office of the Auditing and Assurance Standards Board,Treasury,Agency,https://www.auasb.gov.au/,Yes,No,N/A,https://www.auasb.gov.au/News/Media-releases.aspx,N/A
Office of the Australian Accounting Standards Board,Treasury,Agency,https://www.aasb.gov.au/,Yes,No,N/A,https://www.aasb.gov.au/News/Media-releases.aspx,N/A
Productivity Commission,Treasury,Agency,https://www.pc.gov.au/,"Yes
",Yes,https://www.pc.gov.au/rss-news-feed.xml,https://www.pc.gov.au/news-media/media-releases,rss feed contains everything (not just media releases)
Reserve Bank of Australia,Treasury,Agency,https://www.rba.gov.au/,Yes,Yes,https://www.rba.gov.au/rss/rss-cb-media-releases.xml,https://www.rba.gov.au/media-releases/,N/A
Royal Australian Mint,Treasury,Agency,https://www.ramint.gov.au/,Yes,No,N/A,https://www.ramint.gov.au/news-media,N/A
The Hon Josh Frydenberg MP,Treasury,Treasurer,http://www.aph.gov.au/Senators_and_Members/Parliamentarian?MPID=FKL,Yes,Yes,http://ministers.treasury.gov.au/ministers/josh-frydenberg-2018/all/feed,"http://ministers.treasury.gov.au/ministers/josh-frydenberg-2018/media-releases
http://ministers.treasury.gov.au/ministers/josh-frydenberg-2018/speeches",N/A
The Hon Michael Sukkar MP,Treasury,Assistant Treasurer  Minister for Housing,https://www.aph.gov.au/Senators_and_Members/Parliamentarian?MPID=242515,Yes,Yes,http://ministers.treasury.gov.au/ministers/michael-sukkar-2019/all/feed,"http://ministers.treasury.gov.au/ministers/michael-sukkar-2019/media-releases 
http://ministers.treasury.gov.au/ministers/michael-sukkar-2019/speeches",N/A